Analyst,NB_Vals,NB_NonZero_Vals,Prop_NonZero_Vals,AnalysisType
Ruminococcus_bromii,200,80,40.00,2
Bifidobacterium_longum,200,85,42.50,2
Faecalibacterium_prausnitzii,200,90,45.00,2
Bacteroides_stercoris,200,95,47.50,2
Bacteroides_fragilis,200,100,50.00,2
Bacteroides_thetaiotaomicron,200,105,52.50,2
Erysipelatoclostridium_ramosum,200,110,55.00,2
Phocaeicola_dorei,200,115,57.50,2
Clostridium_innocuum,200,120,60.00,2
Enterocloster_bolteae,200,125,62.50,2
Ruminococcus_gnavus,200,130,65.00,2
Massilimicrobiota_timonensis,200,135,67.50,2
Sellimonas_intestinalis,200,140,70.00,2
Parabacteroides_distasonis,200,145,72.50,2
Clostridium_SGB4750,200,150,75.00,2
Clostridiales_bacterium_KLE1615,200,155,77.50,2
Fusicatenibacter_saccharivorans,200,160,80.00,2
Mediterraneibacter_glycyrrhizinilyticus,200,165,82.50,2
Bacteroides_uniformis,200,170,85.00,2
Blautia_wexlerae,200,80,40.00,2
Eggerthella_lenta,200,85,42.50,2
Flavonifractor_plautii,200,90,45.00,2
Bifidobacterium_breve,200,95,47.50,2
Dysosmobacter_welbionis,200,100,50.00,2
Parasutterella_SGB9260,200,105,52.50,2
GGB3510_SGB4687,200,110,55.00,2
Streptococcus_salivarius,200,115,57.50,2
Lachnospiraceae_bacterium_CLA_AA_H244,200,120,60.00,2
Enterocloster_clostridioformis,200,125,62.50,2
Enterocloster_aldenensis,200,130,65.00,2
Clostridium_sp_AM29_11AC,200,135,67.50,2
Hydrogenoanaerobacterium_saccharovorans,200,140,70.00,2
Hungatella_hathewayi,200,145,72.50,2
Anaerostipes_caccae,200,150,75.00,2
Butyricimonas_faecihominis,200,155,77.50,2
Lawsonibacter_asaccharolyticus,200,160,80.00,2
Blautia_producta,200,165,82.50,2
Bacteroides_ovatus,200,170,85.00,2
Thomasclavelia_spiroformis,200,80,40.00,2
Massilioclostridium_coli,200,85,42.50,2
Streptococcus_oralis,200,90,45.00,2
Ruminococcus_bicirculans,200,95,47.50,2
Streptococcus_parasanguinis,200,100,50.00,2
Actinomyces_graevenitzii,200,105,52.50,2
GGB3109_SGB4121,200,110,55.00,2
Clostridium_symbiosum,200,115,57.50,2
Ruthenibacterium_lactatiformans,200,120,60.00,2
Clostridium_spiroforme,200,125,62.50,2
Mogibacterium_diversum,200,130,65.00,2
Enterocloster_citroniae,200,135,67.50,2
Mediterraneibacter_SGB48424,200,140,70.00,2
Lancefieldella_parvula,200,145,72.50,2
Schaalia_odontolytica,200,150,75.00,2
Clostridiaceae_bacterium,200,155,77.50,2
bacterium_210917_DFI_7_65,200,160,80.00,2
Clostridiales_bacterium,200,165,82.50,2
Blautia_faecis,200,170,85.00,2
Streptococcus_australis,200,80,40.00,2
Lachnospira_pectinoschiza,200,85,42.50,2
Alistipes_communis,200,90,45.00,2
Fournierella_massiliensis,200,95,47.50,2
Streptococcus_sanguinis,200,100,50.00,2
Granulicatella_SGB8255,200,105,52.50,2
Hydrogeniiclostridium_mannosilyticum,200,110,55.00,2
Anaerobutyricum_soehngenii,200,115,57.50,2
Anaerofustis_stercorihominis,200,120,60.00,2
Streptococcus_mitis,200,125,62.50,2
Bacteroides_caccae,200,130,65.00,2
GGB3444_SGB4594,200,135,67.50,2
Clostridium_leptum,200,140,70.00,2
Intestinibacter_bartlettii,200,145,72.50,2
Parabacteroides_johnsonii,200,150,75.00,2
Bacteroides_xylanisolvens,200,155,77.50,2
Enterococcus_faecium,200,160,80.00,2
Ruminococcus_torques,200,165,82.50,2
Blautia_caecimuris,200,170,85.00,2
Blautia_hansenii,200,80,40.00,2
Bilophila_wadsworthia,200,85,42.50,2
Oscillospiraceae_bacterium_CLA_AA_H250,200,90,45.00,2
Faecalibacterium_SGB15346,200,95,47.50,2
Veillonella_ratti,200,5,2.50,1
Megasphaera_massiliensis,200,5,2.50,1
Eubacterium_sp_c_25,200,5,2.50,1
Butyricicoccus_SGB14985,200,5,2.50,1
GGB3538_SGB4728,200,5,2.50,1
Enterococcus_avium,200,5,2.50,1
GGB3534_SGB4722,200,5,2.50,1
Mediterraneibacter_SGB4598,200,5,2.50,1
Flavonifractor_sp_An10,200,5,2.50,1
Lachnoclostridium_sp_An138,200,5,2.50,1
GGB3034_SGB4030,200,5,2.50,1
Lachnoclostridium_SGB4602,200,5,2.50,1
Abiotrophia_sp_HMSC24B09,200,5,2.50,1
Granulicatella_adiacens,200,5,2.50,1
Streptococcus_constellatus,200,5,2.50,1
Actinomyces_bouchesdurhonensis,200,5,2.50,1
Anaerostipes_butyraticus,200,5,2.50,1
Gemmiger_sp_An87,200,5,2.50,1
Citrobacter_portucalensis,200,5,2.50,1
Citrobacter_braakii,200,5,2.50,1
