BioSample,eid,Sample_origin,Age,Sex,BMI,Country,Continent,cv_id,in_cv_id
DEMO_BIOSAMPLE_0001,DEMO_0001,stool,35,female,22.9,Japan,Asia,0,0
DEMO_BIOSAMPLE_0002,DEMO_0002,stool,39,male,22,Japan,Asia,1,0
DEMO_BIOSAMPLE_0003,DEMO_0003,stool,30,female,29.2,Japan,Asia,2,0
DEMO_BIOSAMPLE_0004,DEMO_0004,stool,24,male,28.1,Japan,Asia,3,0
DEMO_BIOSAMPLE_0005,DEMO_0005,stool,27,female,28.7,Japan,Asia,4,0
DEMO_BIOSAMPLE_0006,DEMO_0006,stool,36,male,24.1,Japan,Asia,0,1
DEMO_BIOSAMPLE_0007,DEMO_0007,stool,64,female,22.2,Japan,Asia,1,1
DEMO_BIOSAMPLE_0008,DEMO_0008,stool,70,male,19.9,Japan,Asia,2,1
DEMO_BIOSAMPLE_0009,DEMO_0009,stool,32,female,28.7,Japan,Asia,3,1
DEMO_BIOSAMPLE_0010,DEMO_0010,stool,28,male,27.4,Cameroon,Africa,4,1
DEMO_BIOSAMPLE_0011,DEMO_0011,stool,30,female,20.6,Cameroon,Africa,0,2
DEMO_BIOSAMPLE_0012,DEMO_0012,stool,34,male,18.6,Cameroon,Africa,1,2
DEMO_BIOSAMPLE_0013,DEMO_0013,stool,26,female,19,Cameroon,Africa,2,2
DEMO_BIOSAMPLE_0014,DEMO_0014,stool,57,male,27,Cameroon,Africa,3,2
DEMO_BIOSAMPLE_0015,DEMO_0015,stool,68,female,26.6,Cameroon,Africa,4,2
DEMO_BIOSAMPLE_0016,DEMO_0016,stool,56,male,27.3,Cameroon,Africa,0,3
DEMO_BIOSAMPLE_0017,DEMO_0017,stool,38,female,19.7,Cameroon,Africa,1,3
DEMO_BIOSAMPLE_0018,DEMO_0018,stool,69,male,27.4,Cameroon,Africa,2,3
DEMO_BIOSAMPLE_0019,DEMO_0019,stool,36,female,19.7,Cameroon,Africa,3,3
DEMO_BIOSAMPLE_0020,DEMO_0020,stool,43,male,23.6,Cameroon,Africa,4,3
DEMO_BIOSAMPLE_0021,DEMO_0021,stool,57,female,22.3,Cameroon,Africa,0,4
DEMO_BIOSAMPLE_0022,DEMO_0022,stool,25,male,20.5,Cameroon,Africa,1,4
DEMO_BIOSAMPLE_0023,DEMO_0023,stool,26,female,28.3,Cameroon,Africa,2,4
DEMO_BIOSAMPLE_0024,DEMO_0024,stool,27,male,28.3,Cameroon,Africa,3,4
DEMO_BIOSAMPLE_0025,DEMO_0025,stool,46,female,26.1,Cameroon,Africa,4,4
DEMO_BIOSAMPLE_0026,DEMO_0026,stool,60,male,26,Cameroon,Africa,0,0
DEMO_BIOSAMPLE_0027,DEMO_0027,stool,70,female,22.8,Cameroon,Africa,1,0
DEMO_BIOSAMPLE_0028,DEMO_0028,stool,36,male,25.9,Mexico,NorthAmerica,2,0
DEMO_BIOSAMPLE_0029,DEMO_0029,stool,41,female,29.8,USA,NorthAmerica,3,0
DEMO_BIOSAMPLE_0030,DEMO_0030,stool,32,male,23.2,USA,NorthAmerica,4,0
DEMO_BIOSAMPLE_0031,DEMO_0031,stool,26,female,23.8,USA,NorthAmerica,0,1
DEMO_BIOSAMPLE_0032,DEMO_0032,stool,67,male,18.9,Mexico,NorthAmerica,1,1
DEMO_BIOSAMPLE_0033,DEMO_0033,stool,58,female,22.6,USA,NorthAmerica,2,1
DEMO_BIOSAMPLE_0034,DEMO_0034,stool,43,male,25.3,USA,NorthAmerica,3,1
DEMO_BIOSAMPLE_0035,DEMO_0035,stool,30,female,18.9,USA,NorthAmerica,4,1
DEMO_BIOSAMPLE_0036,DEMO_0036,stool,46,male,25.4,Mexico,NorthAmerica,0,2
DEMO_BIOSAMPLE_0037,DEMO_0037,stool,57,female,28.1,USA,NorthAmerica,1,2
DEMO_BIOSAMPLE_0038,DEMO_0038,stool,70,male,21.6,USA,NorthAmerica,2,2
DEMO_BIOSAMPLE_0039,DEMO_0039,stool,34,female,20.3,USA,NorthAmerica,3,2
DEMO_BIOSAMPLE_0040,DEMO_0040,stool,59,male,24.3,USA,NorthAmerica,4,2
DEMO_BIOSAMPLE_0041,DEMO_0041,stool,56,female,29.2,USA,NorthAmerica,0,3
DEMO_BIOSAMPLE_0042,DEMO_0042,stool,21,male,21,USA,NorthAmerica,1,3
DEMO_BIOSAMPLE_0043,DEMO_0043,stool,58,female,28.5,USA,NorthAmerica,2,3
DEMO_BIOSAMPLE_0044,DEMO_0044,stool,63,male,25.3,USA,NorthAmerica,3,3
DEMO_BIOSAMPLE_0045,DEMO_0045,stool,70,female,24.9,USA,NorthAmerica,4,3
DEMO_BIOSAMPLE_0046,DEMO_0046,stool,64,male,26.5,USA,NorthAmerica,0,4
DEMO_BIOSAMPLE_0047,DEMO_0047,stool,42,female,27.6,USA,NorthAmerica,1,4
DEMO_BIOSAMPLE_0048,DEMO_0048,stool,44,male,19.8,USA,NorthAmerica,2,4
DEMO_BIOSAMPLE_0049,DEMO_0049,stool,47,female,24.3,United Kingdom,Europe,3,4
DEMO_BIOSAMPLE_0050,DEMO_0050,stool,52,male,23.2,United Kingdom,Europe,4,4
DEMO_BIOSAMPLE_0051,DEMO_0051,stool,55,female,28.6,USA,NorthAmerica,0,0
DEMO_BIOSAMPLE_0052,DEMO_0052,stool,47,male,18.8,USA,NorthAmerica,1,0
DEMO_BIOSAMPLE_0053,DEMO_0053,stool,65,female,25.4,USA,NorthAmerica,2,0
DEMO_BIOSAMPLE_0054,DEMO_0054,stool,37,male,24.2,USA,NorthAmerica,3,0
DEMO_BIOSAMPLE_0055,DEMO_0055,stool,39,female,18.9,USA,NorthAmerica,4,0
DEMO_BIOSAMPLE_0056,DEMO_0056,stool,25,male,26.4,USA,NorthAmerica,0,1
DEMO_BIOSAMPLE_0057,DEMO_0057,stool,67,female,23.5,USA,NorthAmerica,1,1
DEMO_BIOSAMPLE_0058,DEMO_0058,stool,55,male,24.5,USA,NorthAmerica,2,1
DEMO_BIOSAMPLE_0059,DEMO_0059,stool,35,female,26.6,USA,NorthAmerica,3,1
DEMO_BIOSAMPLE_0060,DEMO_0060,stool,60,male,29.4,USA,NorthAmerica,4,1
DEMO_BIOSAMPLE_0061,DEMO_0061,stool,44,female,29.3,Poland,Europe,0,2
DEMO_BIOSAMPLE_0062,DEMO_0062,stool,54,male,25.3,Poland,Europe,1,2
DEMO_BIOSAMPLE_0063,DEMO_0063,stool,49,female,23.8,Poland,Europe,2,2
DEMO_BIOSAMPLE_0064,DEMO_0064,stool,21,male,21.1,Poland,Europe,3,2
DEMO_BIOSAMPLE_0065,DEMO_0065,stool,69,female,22,Poland,Europe,4,2
DEMO_BIOSAMPLE_0066,DEMO_0066,stool,27,male,19.2,Poland,Europe,0,3
DEMO_BIOSAMPLE_0067,DEMO_0067,stool,57,female,26.3,Poland,Europe,1,3
DEMO_BIOSAMPLE_0068,DEMO_0068,stool,40,male,22,Poland,Europe,2,3
DEMO_BIOSAMPLE_0069,DEMO_0069,stool,62,female,19.5,Poland,Europe,3,3
DEMO_BIOSAMPLE_0070,DEMO_0070,stool,21,male,27.7,Poland,Europe,4,3
DEMO_BIOSAMPLE_0071,DEMO_0071,stool,27,female,20.6,Poland,Europe,0,4
DEMO_BIOSAMPLE_0072,DEMO_0072,stool,32,male,21.4,Poland,Europe,1,4
DEMO_BIOSAMPLE_0073,DEMO_0073,stool,48,female,26.7,Poland,Europe,2,4
DEMO_BIOSAMPLE_0074,DEMO_0074,stool,49,male,25.9,Poland,Europe,3,4
DEMO_BIOSAMPLE_0075,DEMO_0075,stool,67,female,24.5,Poland,Europe,4,4
DEMO_BIOSAMPLE_0076,DEMO_0076,stool,54,male,29.3,Poland,Europe,0,0
DEMO_BIOSAMPLE_0077,DEMO_0077,stool,55,female,21.6,Poland,Europe,1,0
DEMO_BIOSAMPLE_0078,DEMO_0078,stool,24,male,21.3,Poland,Europe,2,0
DEMO_BIOSAMPLE_0079,DEMO_0079,stool,39,female,26.6,USA,NorthAmerica,3,0
DEMO_BIOSAMPLE_0080,DEMO_0080,stool,69,male,22.7,USA,NorthAmerica,4,0
DEMO_BIOSAMPLE_0081,DEMO_0081,stool,51,female,21.2,USA,NorthAmerica,0,1
DEMO_BIOSAMPLE_0082,DEMO_0082,stool,70,male,21.4,USA,NorthAmerica,1,1
DEMO_BIOSAMPLE_0083,DEMO_0083,stool,25,female,21.7,USA,NorthAmerica,2,1
DEMO_BIOSAMPLE_0084,DEMO_0084,stool,37,male,26.6,USA,NorthAmerica,3,1
DEMO_BIOSAMPLE_0085,DEMO_0085,stool,59,female,25.3,USA,NorthAmerica,4,1
DEMO_BIOSAMPLE_0086,DEMO_0086,stool,24,male,22.2,USA,NorthAmerica,0,2
DEMO_BIOSAMPLE_0087,DEMO_0087,stool,68,female,18.5,USA,NorthAmerica,1,2
DEMO_BIOSAMPLE_0088,DEMO_0088,stool,35,male,29.4,USA,NorthAmerica,2,2
DEMO_BIOSAMPLE_0089,DEMO_0089,stool,68,female,23.4,USA,NorthAmerica,3,2
DEMO_BIOSAMPLE_0090,DEMO_0090,stool,32,male,25.5,USA,NorthAmerica,4,2
DEMO_BIOSAMPLE_0091,DEMO_0091,stool,41,female,22.5,USA,NorthAmerica,0,3
DEMO_BIOSAMPLE_0092,DEMO_0092,stool,43,male,28.6,USA,NorthAmerica,1,3
DEMO_BIOSAMPLE_0093,DEMO_0093,stool,51,female,19.8,USA,NorthAmerica,2,3
DEMO_BIOSAMPLE_0094,DEMO_0094,stool,60,male,23.6,USA,NorthAmerica,3,3
DEMO_BIOSAMPLE_0095,DEMO_0095,stool,29,female,23.3,USA,NorthAmerica,4,3
DEMO_BIOSAMPLE_0096,DEMO_0096,stool,66,male,27.4,USA,NorthAmerica,0,4
DEMO_BIOSAMPLE_0097,DEMO_0097,stool,42,female,20.6,USA,NorthAmerica,1,4
DEMO_BIOSAMPLE_0098,DEMO_0098,stool,66,male,19.5,USA,NorthAmerica,2,4
DEMO_BIOSAMPLE_0099,DEMO_0099,stool,49,female,25.8,USA,NorthAmerica,3,4
DEMO_BIOSAMPLE_0100,DEMO_0100,stool,57,male,25.6,USA,NorthAmerica,4,4
DEMO_BIOSAMPLE_0101,DEMO_0101,stool,57,female,23.4,USA,NorthAmerica,0,0
DEMO_BIOSAMPLE_0102,DEMO_0102,stool,24,male,29.8,USA,NorthAmerica,1,0
DEMO_BIOSAMPLE_0103,DEMO_0103,stool,44,female,23.5,USA,NorthAmerica,2,0
DEMO_BIOSAMPLE_0104,DEMO_0104,stool,64,male,19.5,USA,NorthAmerica,3,0
DEMO_BIOSAMPLE_0105,DEMO_0105,stool,38,female,19,USA,NorthAmerica,4,0
DEMO_BIOSAMPLE_0106,DEMO_0106,stool,29,male,21.3,USA,NorthAmerica,0,1
DEMO_BIOSAMPLE_0107,DEMO_0107,stool,46,female,28.3,USA,NorthAmerica,1,1
DEMO_BIOSAMPLE_0108,DEMO_0108,stool,27,male,25.4,USA,NorthAmerica,2,1
DEMO_BIOSAMPLE_0109,DEMO_0109,stool,37,female,25.7,USA,NorthAmerica,3,1
DEMO_BIOSAMPLE_0110,DEMO_0110,stool,60,male,26.7,USA,NorthAmerica,4,1
DEMO_BIOSAMPLE_0111,DEMO_0111,stool,68,female,24.8,USA,NorthAmerica,0,2
DEMO_BIOSAMPLE_0112,DEMO_0112,stool,61,male,26.9,USA,NorthAmerica,1,2
DEMO_BIOSAMPLE_0113,DEMO_0113,stool,39,female,21.8,USA,NorthAmerica,2,2
DEMO_BIOSAMPLE_0114,DEMO_0114,stool,52,male,19,USA,NorthAmerica,3,2
DEMO_BIOSAMPLE_0115,DEMO_0115,stool,54,female,29.3,USA,NorthAmerica,4,2
DEMO_BIOSAMPLE_0116,DEMO_0116,stool,58,male,22.2,USA,NorthAmerica,0,3
DEMO_BIOSAMPLE_0117,DEMO_0117,stool,66,female,19.2,USA,NorthAmerica,1,3
DEMO_BIOSAMPLE_0118,DEMO_0118,stool,21,male,21.8,USA,NorthAmerica,2,3
DEMO_BIOSAMPLE_0119,DEMO_0119,stool,64,female,21.5,USA,NorthAmerica,3,3
DEMO_BIOSAMPLE_0120,DEMO_0120,stool,62,male,20.8,USA,NorthAmerica,4,3
DEMO_BIOSAMPLE_0121,DEMO_0121,stool,43,female,27.5,USA,NorthAmerica,0,4
DEMO_BIOSAMPLE_0122,DEMO_0122,stool,41,male,24.1,USA,NorthAmerica,1,4
DEMO_BIOSAMPLE_0123,DEMO_0123,stool,50,female,27,USA,NorthAmerica,2,4
DEMO_BIOSAMPLE_0124,DEMO_0124,stool,63,male,23.9,USA,NorthAmerica,3,4
DEMO_BIOSAMPLE_0125,DEMO_0125,stool,53,female,28.7,USA,NorthAmerica,4,4
DEMO_BIOSAMPLE_0126,DEMO_0126,stool,39,male,23.4,USA,NorthAmerica,0,0
DEMO_BIOSAMPLE_0127,DEMO_0127,stool,55,female,24.7,USA,NorthAmerica,1,0
DEMO_BIOSAMPLE_0128,DEMO_0128,stool,38,male,20.8,USA,NorthAmerica,2,0
DEMO_BIOSAMPLE_0129,DEMO_0129,stool,32,female,25.6,USA,NorthAmerica,3,0
DEMO_BIOSAMPLE_0130,DEMO_0130,stool,24,male,24,USA,NorthAmerica,4,0
DEMO_BIOSAMPLE_0131,DEMO_0131,stool,24,female,24.6,USA,NorthAmerica,0,1
DEMO_BIOSAMPLE_0132,DEMO_0132,stool,28,male,22.4,USA,NorthAmerica,1,1
DEMO_BIOSAMPLE_0133,DEMO_0133,stool,50,female,19.5,USA,NorthAmerica,2,1
DEMO_BIOSAMPLE_0134,DEMO_0134,stool,60,male,23.3,USA,NorthAmerica,3,1
DEMO_BIOSAMPLE_0135,DEMO_0135,stool,45,female,19.5,USA,NorthAmerica,4,1
DEMO_BIOSAMPLE_0136,DEMO_0136,stool,66,male,20.6,USA,NorthAmerica,0,2
DEMO_BIOSAMPLE_0137,DEMO_0137,stool,33,female,23.4,USA,NorthAmerica,1,2
DEMO_BIOSAMPLE_0138,DEMO_0138,stool,33,male,25.8,USA,NorthAmerica,2,2
DEMO_BIOSAMPLE_0139,DEMO_0139,stool,37,female,18.7,USA,NorthAmerica,3,2
DEMO_BIOSAMPLE_0140,DEMO_0140,stool,54,male,19.7,USA,NorthAmerica,4,2
DEMO_BIOSAMPLE_0141,DEMO_0141,stool,57,female,27.9,USA,NorthAmerica,0,3
DEMO_BIOSAMPLE_0142,DEMO_0142,stool,60,male,29.8,USA,NorthAmerica,1,3
DEMO_BIOSAMPLE_0143,DEMO_0143,stool,34,female,29.1,USA,NorthAmerica,2,3
DEMO_BIOSAMPLE_0144,DEMO_0144,stool,67,male,29,USA,NorthAmerica,3,3
DEMO_BIOSAMPLE_0145,DEMO_0145,stool,62,female,25.7,USA,NorthAmerica,4,3
DEMO_BIOSAMPLE_0146,DEMO_0146,stool,25,male,19.1,USA,NorthAmerica,0,4
DEMO_BIOSAMPLE_0147,DEMO_0147,stool,53,female,29,USA,NorthAmerica,1,4
DEMO_BIOSAMPLE_0148,DEMO_0148,stool,39,male,22.9,USA,NorthAmerica,2,4
DEMO_BIOSAMPLE_0149,DEMO_0149,stool,61,female,29.4,USA,NorthAmerica,3,4
DEMO_BIOSAMPLE_0150,DEMO_0150,stool,26,male,29.2,USA,NorthAmerica,4,4
DEMO_BIOSAMPLE_0151,DEMO_0151,stool,64,female,25.5,USA,NorthAmerica,0,0
DEMO_BIOSAMPLE_0152,DEMO_0152,stool,43,male,20.5,USA,NorthAmerica,1,0
DEMO_BIOSAMPLE_0153,DEMO_0153,stool,39,female,18.7,USA,NorthAmerica,2,0
DEMO_BIOSAMPLE_0154,DEMO_0154,stool,53,male,25.8,USA,NorthAmerica,3,0
DEMO_BIOSAMPLE_0155,DEMO_0155,stool,39,female,23.2,USA,NorthAmerica,4,0
DEMO_BIOSAMPLE_0156,DEMO_0156,stool,64,male,25.3,USA,NorthAmerica,0,1
DEMO_BIOSAMPLE_0157,DEMO_0157,stool,67,female,21.5,USA,NorthAmerica,1,1
DEMO_BIOSAMPLE_0158,DEMO_0158,stool,20,male,25.7,USA,NorthAmerica,2,1
DEMO_BIOSAMPLE_0159,DEMO_0159,stool,32,female,25.7,USA,NorthAmerica,3,1
DEMO_BIOSAMPLE_0160,DEMO_0160,stool,45,male,20.1,USA,NorthAmerica,4,1
DEMO_BIOSAMPLE_0161,DEMO_0161,stool,70,female,29.8,USA,NorthAmerica,0,2
DEMO_BIOSAMPLE_0162,DEMO_0162,stool,39,male,29.5,USA,NorthAmerica,1,2
DEMO_BIOSAMPLE_0163,DEMO_0163,stool,47,female,20.4,USA,NorthAmerica,2,2
DEMO_BIOSAMPLE_0164,DEMO_0164,stool,39,male,26,USA,NorthAmerica,3,2
DEMO_BIOSAMPLE_0165,DEMO_0165,stool,44,female,29,USA,NorthAmerica,4,2
DEMO_BIOSAMPLE_0166,DEMO_0166,stool,36,male,23.3,USA,NorthAmerica,0,3
DEMO_BIOSAMPLE_0167,DEMO_0167,stool,29,female,28.3,USA,NorthAmerica,1,3
DEMO_BIOSAMPLE_0168,DEMO_0168,stool,24,male,22.8,USA,NorthAmerica,2,3
DEMO_BIOSAMPLE_0169,DEMO_0169,stool,34,female,24.1,USA,NorthAmerica,3,3
DEMO_BIOSAMPLE_0170,DEMO_0170,stool,20,male,29.1,USA,NorthAmerica,4,3
DEMO_BIOSAMPLE_0171,DEMO_0171,stool,30,female,26,USA,NorthAmerica,0,4
DEMO_BIOSAMPLE_0172,DEMO_0172,stool,51,male,23.3,USA,NorthAmerica,1,4
DEMO_BIOSAMPLE_0173,DEMO_0173,stool,56,female,28.7,USA,NorthAmerica,2,4
DEMO_BIOSAMPLE_0174,DEMO_0174,stool,32,male,27.2,Australia,Oceania,3,4
DEMO_BIOSAMPLE_0175,DEMO_0175,stool,36,female,29.1,Australia,Oceania,4,4
DEMO_BIOSAMPLE_0176,DEMO_0176,stool,30,male,25.3,Australia,Oceania,0,0
DEMO_BIOSAMPLE_0177,DEMO_0177,stool,28,female,19.6,Australia,Oceania,1,0
DEMO_BIOSAMPLE_0178,DEMO_0178,stool,34,male,23.7,Australia,Oceania,2,0
DEMO_BIOSAMPLE_0179,DEMO_0179,stool,34,female,19.7,Australia,Oceania,3,0
DEMO_BIOSAMPLE_0180,DEMO_0180,stool,64,male,22.4,Australia,Oceania,4,0
DEMO_BIOSAMPLE_0181,DEMO_0181,stool,48,female,21.7,Australia,Oceania,0,1
DEMO_BIOSAMPLE_0182,DEMO_0182,stool,45,male,27.7,Australia,Oceania,1,1
DEMO_BIOSAMPLE_0183,DEMO_0183,stool,58,female,26.1,Australia,Oceania,2,1
DEMO_BIOSAMPLE_0184,DEMO_0184,stool,50,male,25.1,Australia,Oceania,3,1
DEMO_BIOSAMPLE_0185,DEMO_0185,stool,59,female,27.5,Australia,Oceania,4,1
DEMO_BIOSAMPLE_0186,DEMO_0186,stool,65,male,26.9,Australia,Oceania,0,2
DEMO_BIOSAMPLE_0187,DEMO_0187,stool,25,female,25.5,Australia,Oceania,1,2
DEMO_BIOSAMPLE_0188,DEMO_0188,stool,25,male,25.6,Australia,Oceania,2,2
DEMO_BIOSAMPLE_0189,DEMO_0189,stool,57,female,19.8,Australia,Oceania,3,2
DEMO_BIOSAMPLE_0190,DEMO_0190,stool,28,male,18.8,Australia,Oceania,4,2
DEMO_BIOSAMPLE_0191,DEMO_0191,stool,54,female,23.3,Australia,Oceania,0,3
DEMO_BIOSAMPLE_0192,DEMO_0192,stool,43,male,28.4,Australia,Oceania,1,3
DEMO_BIOSAMPLE_0193,DEMO_0193,stool,20,female,20.4,Australia,Oceania,2,3
DEMO_BIOSAMPLE_0194,DEMO_0194,stool,54,male,25.7,Australia,Oceania,3,3
DEMO_BIOSAMPLE_0195,DEMO_0195,stool,46,female,19.4,USA,NorthAmerica,4,3
DEMO_BIOSAMPLE_0196,DEMO_0196,stool,50,male,28.2,USA,NorthAmerica,0,4
DEMO_BIOSAMPLE_0197,DEMO_0197,stool,36,female,23.9,USA,NorthAmerica,1,4
DEMO_BIOSAMPLE_0198,DEMO_0198,stool,43,male,25.7,USA,NorthAmerica,2,4
DEMO_BIOSAMPLE_0199,DEMO_0199,stool,57,female,22.2,USA,NorthAmerica,3,4
DEMO_BIOSAMPLE_0200,DEMO_0200,stool,51,male,24.3,USA,NorthAmerica,4,4
